{
  "type": "FeatureCollection",
  "features": [
    {
      "type": "Feature",
      "properties": {
        "_color": "#ff9900",
        "_opacity": 0.5,
        "_weight": 15
      },
      "geometry": {
        "type": "LineString",
        "coordinates": [
          [
            139.674758,
            35.767216
          ],
          [
            139.675015,
            35.767277
          ],
          [
            139.675224,
            35.76729
          ],
          [
            139.675369,
            35.767286
          ],
          [
            139.675578,
            35.767242
          ]
        ]
      }
    },
    {
      "type": "Feature",
      "properties": {
        "_color": "#ff9900",
        "_opacity": 0.5,
        "_weight": 15
      },
      "geometry": {
        "type": "LineString",
        "coordinates": [
          [
            139.675632,
            35.767212
          ],
          [
            139.675831,
            35.767151
          ]
        ]
      }
    },
    {
      "type": "Feature",
      "properties": {
        "_color": "#00ffff",
        "_opacity": 0.5,
        "_weight": 15
      },
      "geometry": {
        "type": "LineString",
        "coordinates": [
          [
            139.676147,
            35.769889
          ],
          [
            139.676303,
            35.768988
          ],
          [
            139.676297,
            35.768709
          ],
          [
            139.676281,
            35.768278
          ],
          [
            139.676356,
            35.767795
          ],
          [
            139.676651,
            35.767499
          ]
        ]
      }
    },
    {
      "type": "Feature",
      "properties": {
        "name": "学区",
        "_color": "#6aa84f",
        "_opacity": 0.91,
        "_weight": 10,
        "_dashArray": "1,20"
      },
      "geometry": {
        "type": "LineString",
        "coordinates": [
          [
            139.676823,
            35.767464
          ],
          [
            139.67722,
            35.767303
          ],
          [
            139.677756,
            35.767538
          ],
          [
            139.678529,
            35.768017
          ],
          [
            139.679065,
            35.768374
          ],
          [
            139.679264,
            35.768587
          ],
          [
            139.679511,
            35.768809
          ],
          [
            139.680106,
            35.769293
          ],
          [
            139.680476,
            35.769588
          ],
          [
            139.681039,
            35.770054
          ],
          [
            139.681093,
            35.770455
          ],
          [
            139.681426,
            35.770977
          ],
          [
            139.681447,
            35.771055
          ],
          [
            139.68127,
            35.77116
          ],
          [
            139.680492,
            35.771669
          ],
          [
            139.679972,
            35.771887
          ],
          [
            139.679151,
            35.772161
          ],
          [
            139.678411,
            35.772135
          ],
          [
            139.678068,
            35.772096
          ],
          [
            139.67773,
            35.772008
          ],
          [
            139.67744,
            35.771926
          ],
          [
            139.677274,
            35.772422
          ],
          [
            139.677166,
            35.772731
          ],
          [
            139.677209,
            35.77294
          ],
          [
            139.677601,
            35.773706
          ],
          [
            139.677885,
            35.774441
          ],
          [
            139.677864,
            35.774759
          ],
          [
            139.677622,
            35.775146
          ],
          [
            139.677043,
            35.77576
          ],
          [
            139.677016,
            35.775804
          ],
          [
            139.677638,
            35.776226
          ],
          [
            139.677258,
            35.776343
          ],
          [
            139.675986,
            35.775329
          ],
          [
            139.67501,
            35.77452
          ],
          [
            139.673883,
            35.773562
          ],
          [
            139.673309,
            35.773083
          ],
          [
            139.672762,
            35.773384
          ],
          [
            139.672725,
            35.772966
          ],
          [
            139.672381,
            35.772648
          ],
          [
            139.672059,
            35.772766
          ],
          [
            139.671807,
            35.772735
          ],
          [
            139.671668,
            35.772592
          ],
          [
            139.671426,
            35.772078
          ],
          [
            139.671121,
            35.771926
          ],
          [
            139.670836,
            35.771934
          ],
          [
            139.670514,
            35.771956
          ],
          [
            139.670064,
            35.771704
          ],
          [
            139.669597,
            35.771399
          ],
          [
            139.669195,
            35.770999
          ],
          [
            139.668787,
            35.770629
          ],
          [
            139.668696,
            35.770415
          ],
          [
            139.668444,
            35.769963
          ],
          [
            139.668428,
            35.769353
          ],
          [
            139.66861,
            35.769018
          ],
          [
            139.668728,
            35.768291
          ],
          [
            139.668846,
            35.767395
          ],
          [
            139.668991,
            35.767181
          ],
          [
            139.670139,
            35.766929
          ],
          [
            139.670659,
            35.766881
          ],
          [
            139.67111,
            35.766685
          ],
          [
            139.671502,
            35.766442
          ],
          [
            139.672038,
            35.766389
          ],
          [
            139.672118,
            35.766433
          ],
          [
            139.672494,
            35.766381
          ],
          [
            139.672762,
            35.766333
          ],
          [
            139.67413,
            35.766076
          ],
          [
            139.674715,
            35.766106
          ],
          [
            139.67531,
            35.765967
          ],
          [
            139.675713,
            35.765884
          ],
          [
            139.675713,
            35.76642
          ],
          [
            139.675718,
            35.76669
          ],
          [
            139.675852,
            35.766946
          ],
          [
            139.675933,
            35.767134
          ],
          [
            139.676072,
            35.767121
          ],
          [
            139.67619,
            35.767151
          ],
          [
            139.676254,
            35.767164
          ],
          [
            139.676442,
            35.767147
          ],
          [
            139.676625,
            35.767125
          ],
          [
            139.676753,
            35.767147
          ],
          [
            139.676834,
            35.767286
          ],
          [
            139.676818,
            35.767386
          ]
        ]
      }
    },
    {
      "type": "Feature",
      "properties": {
        "_color": "#00ffff",
        "_opacity": 0.5,
        "_weight": 15
      },
      "geometry": {
        "type": "LineString",
        "coordinates": [
          [
            139.676367,
            35.768801
          ],
          [
            139.677241,
            35.768944
          ],
          [
            139.677708,
            35.76887
          ],
          [
            139.677724,
            35.768326
          ],
          [
            139.677322,
            35.768278
          ],
          [
            139.677338,
            35.767948
          ],
          [
            139.676925,
            35.767843
          ],
          [
            139.676389,
            35.767813
          ]
        ]
      }
    },
    {
      "type": "Feature",
      "properties": {
        "_color": "#00ffff",
        "_opacity": 0.5,
        "_weight": 15
      },
      "geometry": {
        "type": "LineString",
        "coordinates": [
          [
            139.676324,
            35.768522
          ],
          [
            139.676791,
            35.76857
          ],
          [
            139.676925,
            35.76786
          ]
        ]
      }
    },
    {
      "type": "Feature",
      "properties": {
        "_color": "#00ffff",
        "_opacity": 0.5,
        "_weight": 15
      },
      "geometry": {
        "type": "LineString",
        "coordinates": [
          [
            139.677762,
            35.768857
          ],
          [
            139.678191,
            35.768792
          ],
          [
            139.67832,
            35.768178
          ],
          [
            139.678583,
            35.768156
          ],
          [
            139.679285,
            35.768714
          ],
          [
            139.680101,
            35.769345
          ],
          [
            139.680589,
            35.769763
          ],
          [
            139.680948,
            35.77005
          ],
          [
            139.681034,
            35.770476
          ],
          [
            139.681082,
            35.77062
          ],
          [
            139.681383,
            35.771025
          ],
          [
            139.681168,
            35.771181
          ],
          [
            139.680519,
            35.771608
          ],
          [
            139.679999,
            35.771843
          ],
          [
            139.679157,
            35.772091
          ],
          [
            139.678288,
            35.772074
          ],
          [
            139.677703,
            35.771961
          ],
          [
            139.677343,
            35.771839
          ],
          [
            139.677365,
            35.771808
          ]
        ]
      }
    },
    {
      "type": "Feature",
      "properties": {
        "_color": "#00ffff",
        "_opacity": 0.5,
        "_weight": 15
      },
      "geometry": {
        "type": "LineString",
        "coordinates": [
          [
            139.678502,
            35.768122
          ],
          [
            139.67795,
            35.767695
          ],
          [
            139.677048,
            35.767364
          ],
          [
            139.676769,
            35.767443
          ],
          [
            139.676785,
            35.767203
          ],
          [
            139.676549,
            35.767168
          ],
          [
            139.676163,
            35.767195
          ],
          [
            139.675906,
            35.76719
          ],
          [
            139.675654,
            35.76662
          ],
          [
            139.67567,
            35.765945
          ],
          [
            139.675015,
            35.766098
          ],
          [
            139.674608,
            35.766146
          ],
          [
            139.674017,
            35.766115
          ],
          [
            139.67281,
            35.766346
          ],
          [
            139.672328,
            35.766468
          ],
          [
            139.671641,
            35.766459
          ],
          [
            139.6714,
            35.766559
          ],
          [
            139.671201,
            35.766694
          ],
          [
            139.671008,
            35.766825
          ],
          [
            139.670675,
            35.766903
          ],
          [
            139.670171,
            35.766986
          ],
          [
            139.669388,
            35.767112
          ],
          [
            139.669002,
            35.767195
          ],
          [
            139.668889,
            35.767834
          ],
          [
            139.668787,
            35.768396
          ],
          [
            139.668707,
            35.768931
          ],
          [
            139.668535,
            35.769262
          ],
          [
            139.668524,
            35.769832
          ],
          [
            139.66875,
            35.770394
          ],
          [
            139.669114,
            35.770833
          ],
          [
            139.669763,
            35.771451
          ],
          [
            139.670359,
            35.771773
          ],
          [
            139.670498,
            35.771882
          ],
          [
            139.671308,
            35.771926
          ],
          [
            139.671566,
            35.772196
          ],
          [
            139.671684,
            35.772526
          ],
          [
            139.671979,
            35.772679
          ],
          [
            139.672301,
            35.772609
          ],
          [
            139.672446,
            35.772566
          ],
          [
            139.672864,
            35.772927
          ],
          [
            139.673186,
            35.773258
          ],
          [
            139.67509,
            35.774837
          ],
          [
            139.67597,
            35.775634
          ],
          [
            139.676544,
            35.776013
          ],
          [
            139.677107,
            35.776248
          ],
          [
            139.677504,
            35.776326
          ],
          [
            139.677681,
            35.776208
          ],
          [
            139.677424,
            35.776104
          ],
          [
            139.677054,
            35.775791
          ],
          [
            139.676995,
            35.775634
          ],
          [
            139.677574,
            35.774994
          ],
          [
            139.677848,
            35.774607
          ],
          [
            139.677778,
            35.77442
          ],
          [
            139.677628,
            35.773897
          ],
          [
            139.677327,
            35.773414
          ],
          [
            139.677225,
            35.773175
          ],
          [
            139.677064,
            35.772996
          ],
          [
            139.677059,
            35.772748
          ],
          [
            139.677182,
            35.77247
          ],
          [
            139.677252,
            35.772248
          ],
          [
            139.677333,
            35.771995
          ],
          [
            139.677349,
            35.771843
          ]
        ]
      }
    },
    {
      "type": "Feature",
      "properties": {
        "_color": "#0000ff",
        "_opacity": 0.5,
        "_weight": 10
      },
      "geometry": {
        "type": "LineString",
        "coordinates": [
          [
            139.677199,
            35.772696
          ],
          [
            139.677081,
            35.772809
          ]
        ]
      }
    },
    {
      "type": "Feature",
      "properties": {
        "_color": "#0000ff",
        "_opacity": 0.5,
        "_weight": 10
      },
      "geometry": {
        "type": "LineString",
        "coordinates": [
          [
            139.677,
            35.772696
          ],
          [
            139.677059,
            35.772779
          ]
        ]
      }
    },
    {
      "type": "Feature",
      "properties": {
        "_color": "#0000ff",
        "_opacity": 0.5,
        "_weight": 10
      },
      "geometry": {
        "type": "LineString",
        "coordinates": [
          [
            139.677209,
            35.772122
          ],
          [
            139.677258,
            35.772261
          ],
          [
            139.677381,
            35.772213
          ]
        ]
      }
    },
    {
      "type": "Feature",
      "properties": {
        "_color": "#00ffff",
        "_opacity": 0.5,
        "_weight": 15
      },
      "geometry": {
        "type": "LineString",
        "coordinates": [
          [
            139.679956,
            35.771813
          ],
          [
            139.679773,
            35.771556
          ],
          [
            139.679709,
            35.771377
          ],
          [
            139.679613,
            35.771121
          ],
          [
            139.679478,
            35.770925
          ],
          [
            139.679339,
            35.770411
          ],
          [
            139.679355,
            35.770111
          ],
          [
            139.679398,
            35.769767
          ],
          [
            139.679419,
            35.769419
          ],
          [
            139.67957,
            35.768997
          ],
          [
            139.679317,
            35.768818
          ],
          [
            139.679076,
            35.768905
          ],
          [
            139.678604,
            35.769153
          ]
        ]
      }
    },
    {
      "type": "Feature",
      "properties": {
        "_color": "#00ffff",
        "_opacity": 0.5,
        "_weight": 15
      },
      "geometry": {
        "type": "LineString",
        "coordinates": [
          [
            139.679425,
            35.770281
          ],
          [
            139.679688,
            35.770237
          ],
          [
            139.679918,
            35.770768
          ],
          [
            139.680068,
            35.77082
          ],
          [
            139.68039,
            35.770733
          ],
          [
            139.680246,
            35.770355
          ],
          [
            139.68038,
            35.770311
          ],
          [
            139.680594,
            35.770594
          ],
          [
            139.680685,
            35.770585
          ]
        ]
      }
    },
    {
      "type": "Feature",
      "properties": {
        "_color": "#00ffff",
        "_opacity": 0.5,
        "_weight": 15
      },
      "geometry": {
        "type": "LineString",
        "coordinates": [
          [
            139.679537,
            35.770925
          ],
          [
            139.679967,
            35.770794
          ]
        ]
      }
    },
    {
      "type": "Feature",
      "properties": {
        "_color": "#00ffff",
        "_opacity": 0.5,
        "_weight": 15
      },
      "geometry": {
        "type": "LineString",
        "coordinates": [
          [
            139.679865,
            35.771665
          ],
          [
            139.68024,
            35.77146
          ],
          [
            139.680197,
            35.771329
          ],
          [
            139.680465,
            35.771247
          ],
          [
            139.680653,
            35.771108
          ],
          [
            139.680648,
            35.770907
          ],
          [
            139.680508,
            35.77069
          ],
          [
            139.680412,
            35.770664
          ]
        ]
      }
    },
    {
      "type": "Feature",
      "properties": {
        "_color": "#00ffff",
        "_opacity": 0.5,
        "_weight": 15
      },
      "geometry": {
        "type": "LineString",
        "coordinates": [
          [
            139.680551,
            35.770838
          ],
          [
            139.680262,
            35.77096
          ]
        ]
      }
    },
    {
      "type": "Feature",
      "properties": {
        "_color": "#00ffff",
        "_opacity": 0.5,
        "_weight": 15
      },
      "geometry": {
        "type": "LineString",
        "coordinates": [
          [
            139.680229,
            35.77092
          ],
          [
            139.680288,
            35.771029
          ]
        ]
      }
    },
    {
      "type": "Feature",
      "properties": {
        "_color": "#00ffff",
        "_opacity": 0.5,
        "_weight": 15
      },
      "geometry": {
        "type": "LineString",
        "coordinates": [
          [
            139.679714,
            35.771351
          ],
          [
            139.680004,
            35.771269
          ],
          [
            139.679934,
            35.771086
          ]
        ]
      }
    },
    {
      "type": "Feature",
      "properties": {
        "_color": "#00ffff",
        "_opacity": 0.5,
        "_weight": 15
      },
      "geometry": {
        "type": "LineString",
        "coordinates": [
          [
            139.680085,
            35.771025
          ],
          [
            139.679629,
            35.771173
          ]
        ]
      }
    },
    {
      "type": "Feature",
      "properties": {
        "_color": "#00ffff",
        "_opacity": 0.5,
        "_weight": 15
      },
      "geometry": {
        "type": "LineString",
        "coordinates": [
          [
            139.680739,
            35.770611
          ],
          [
            139.680825,
            35.770816
          ]
        ]
      }
    },
    {
      "type": "Feature",
      "properties": {
        "_color": "#00ffff",
        "_opacity": 0.5,
        "_weight": 15
      },
      "geometry": {
        "type": "LineString",
        "coordinates": [
          [
            139.681029,
            35.770516
          ],
          [
            139.680685,
            35.770585
          ],
          [
            139.680503,
            35.770637
          ]
        ]
      }
    },
    {
      "type": "Feature",
      "properties": {
        "_color": "#00ffff",
        "_opacity": 0.5,
        "_weight": 15
      },
      "geometry": {
        "type": "LineString",
        "coordinates": [
          [
            139.680299,
            35.769523
          ],
          [
            139.679993,
            35.769649
          ]
        ]
      }
    },
    {
      "type": "Feature",
      "properties": {
        "_color": "#00ffff",
        "_opacity": 0.5,
        "_weight": 15
      },
      "geometry": {
        "type": "LineString",
        "coordinates": [
          [
            139.679924,
            35.769758
          ],
          [
            139.679977,
            35.769667
          ]
        ]
      }
    },
    {
      "type": "Feature",
      "properties": {
        "_color": "#00ffff",
        "_opacity": 0.5,
        "_weight": 15
      },
      "geometry": {
        "type": "LineString",
        "coordinates": [
          [
            139.679806,
            35.769645
          ],
          [
            139.679967,
            35.769654
          ]
        ]
      }
    },
    {
      "type": "Feature",
      "properties": {
        "_color": "#00ffff",
        "_opacity": 0.5,
        "_weight": 15
      },
      "geometry": {
        "type": "LineString",
        "coordinates": [
          [
            139.679999,
            35.769306
          ],
          [
            139.679849,
            35.769401
          ]
        ]
      }
    },
    {
      "type": "Feature",
      "properties": {
        "_color": "#00ffff",
        "_opacity": 0.5,
        "_weight": 15
      },
      "geometry": {
        "type": "LineString",
        "coordinates": [
          [
            139.679339,
            35.770111
          ],
          [
            139.678035,
            35.770389
          ],
          [
            139.67781,
            35.770133
          ],
          [
            139.677719,
            35.769932
          ],
          [
            139.677606,
            35.769719
          ],
          [
            139.677955,
            35.769545
          ],
          [
            139.678148,
            35.769493
          ],
          [
            139.678593,
            35.769171
          ],
          [
            139.678625,
            35.769145
          ]
        ]
      }
    },
    {
      "type": "Feature",
      "properties": {
        "_color": "#00ffff",
        "_opacity": 0.5,
        "_weight": 15
      },
      "geometry": {
        "type": "LineString",
        "coordinates": [
          [
            139.677874,
            35.769536
          ],
          [
            139.677799,
            35.769336
          ],
          [
            139.677697,
            35.768914
          ]
        ]
      }
    },
    {
      "type": "Feature",
      "properties": {
        "_color": "#00ffff",
        "_opacity": 0.5,
        "_weight": 15
      },
      "geometry": {
        "type": "LineString",
        "coordinates": [
          [
            139.677418,
            35.76951
          ],
          [
            139.677236,
            35.769005
          ]
        ]
      }
    },
    {
      "type": "Feature",
      "properties": {
        "_color": "#00ffff",
        "_opacity": 0.5,
        "_weight": 15
      },
      "geometry": {
        "type": "LineString",
        "coordinates": [
          [
            139.677225,
            35.768983
          ],
          [
            139.677005,
            35.769214
          ],
          [
            139.67634,
            35.769349
          ]
        ]
      }
    },
    {
      "type": "Feature",
      "properties": {
        "_color": "#00ffff",
        "_opacity": 0.5,
        "_weight": 15
      },
      "geometry": {
        "type": "LineString",
        "coordinates": [
          [
            139.677536,
            35.769723
          ],
          [
            139.676828,
            35.770076
          ],
          [
            139.676592,
            35.770263
          ],
          [
            139.676415,
            35.770067
          ],
          [
            139.676217,
            35.769898
          ]
        ]
      }
    },
    {
      "type": "Feature",
      "properties": {
        "_color": "#660000",
        "_opacity": 0.5,
        "_weight": 15
      },
      "geometry": {
        "type": "LineString",
        "coordinates": [
          [
            139.678599,
            35.769184
          ],
          [
            139.67869,
            35.769619
          ]
        ]
      }
    },
    {
      "type": "Feature",
      "properties": {
        "_color": "#660000",
        "_opacity": 0.5,
        "_weight": 15
      },
      "geometry": {
        "type": "LineString",
        "coordinates": [
          [
            139.678486,
            35.770281
          ],
          [
            139.6784,
            35.770189
          ]
        ]
      }
    },
    {
      "type": "Feature",
      "properties": {
        "_color": "#660000",
        "_opacity": 0.5,
        "_weight": 15
      },
      "geometry": {
        "type": "LineString",
        "coordinates": [
          [
            139.67545,
            35.772226
          ],
          [
            139.675294,
            35.772331
          ]
        ]
      }
    },
    {
      "type": "Feature",
      "properties": {
        "_color": "#660000",
        "_opacity": 0.5,
        "_weight": 15
      },
      "geometry": {
        "type": "LineString",
        "coordinates": [
          [
            139.675165,
            35.772413
          ],
          [
            139.674774,
            35.77237
          ]
        ]
      }
    },
    {
      "type": "Feature",
      "properties": {
        "_color": "#00ffff",
        "_opacity": 0.5,
        "_weight": 15
      },
      "geometry": {
        "type": "LineString",
        "coordinates": [
          [
            139.676426,
            35.772291
          ],
          [
            139.676093,
            35.772418
          ],
          [
            139.675916,
            35.772487
          ],
          [
            139.675589,
            35.772622
          ],
          [
            139.675337,
            35.772592
          ],
          [
            139.675278,
            35.772474
          ],
          [
            139.675267,
            35.772396
          ],
          [
            139.675294,
            35.772248
          ],
          [
            139.675278,
            35.772104
          ],
          [
            139.675128,
            35.772013
          ],
          [
            139.674919,
            35.771856
          ],
          [
            139.674795,
            35.772361
          ],
          [
            139.674511,
            35.772348
          ],
          [
            139.674608,
            35.771782
          ],
          [
            139.674892,
            35.771839
          ]
        ]
      }
    },
    {
      "type": "Feature",
      "properties": {
        "_color": "#00ffff",
        "_opacity": 0.5,
        "_weight": 15
      },
      "geometry": {
        "type": "LineString",
        "coordinates": [
          [
            139.677016,
            35.772927
          ],
          [
            139.676673,
            35.772561
          ],
          [
            139.676158,
            35.771739
          ],
          [
            139.676072,
            35.771421
          ],
          [
            139.676566,
            35.771591
          ],
          [
            139.676946,
            35.771717
          ],
          [
            139.677322,
            35.771808
          ],
          [
            139.67737,
            35.771456
          ],
          [
            139.677429,
            35.771364
          ],
          [
            139.677209,
            35.771134
          ],
          [
            139.677215,
            35.770916
          ],
          [
            139.677064,
            35.770798
          ],
          [
            139.677059,
            35.770637
          ],
          [
            139.676887,
            35.770555
          ],
          [
            139.676544,
            35.770324
          ]
        ]
      }
    },
    {
      "type": "Feature",
      "properties": {
        "_color": "#00ffff",
        "_opacity": 0.5,
        "_weight": 15
      },
      "geometry": {
        "type": "LineString",
        "coordinates": [
          [
            139.677247,
            35.770907
          ],
          [
            139.677697,
            35.771229
          ],
          [
            139.677955,
            35.771373
          ]
        ]
      }
    },
    {
      "type": "Feature",
      "properties": {
        "_color": "#00ffff",
        "_opacity": 0.5,
        "_weight": 15
      },
      "geometry": {
        "type": "LineString",
        "coordinates": [
          [
            139.676056,
            35.77139
          ],
          [
            139.676034,
            35.771277
          ],
          [
            139.675911,
            35.770768
          ],
          [
            139.675981,
            35.770228
          ],
          [
            139.67611,
            35.769889
          ],
          [
            139.676152,
            35.76988
          ],
          [
            139.676174,
            35.769945
          ]
        ]
      }
    },
    {
      "type": "Feature",
      "properties": {
        "_color": "#00ffff",
        "_opacity": 0.5,
        "_weight": 15
      },
      "geometry": {
        "type": "LineString",
        "coordinates": [
          [
            139.67597,
            35.771269
          ],
          [
            139.675316,
            35.771408
          ],
          [
            139.67523,
            35.771338
          ],
          [
            139.675144,
            35.770999
          ],
          [
            139.675203,
            35.770872
          ],
          [
            139.6753,
            35.770798
          ],
          [
            139.675412,
            35.77069
          ],
          [
            139.675455,
            35.770106
          ],
          [
            139.675546,
            35.769693
          ]
        ]
      }
    },
    {
      "type": "Feature",
      "properties": {
        "_color": "#00ffff",
        "_opacity": 0.5,
        "_weight": 15
      },
      "geometry": {
        "type": "LineString",
        "coordinates": [
          [
            139.675385,
            35.770006
          ],
          [
            139.675176,
            35.770015
          ],
          [
            139.675149,
            35.770389
          ],
          [
            139.675133,
            35.770781
          ],
          [
            139.674795,
            35.770764
          ],
          [
            139.67472,
            35.771038
          ],
          [
            139.674634,
            35.771386
          ],
          [
            139.67457,
            35.771739
          ]
        ]
      }
    },
    {
      "type": "Feature",
      "properties": {
        "_color": "#00ffff",
        "_opacity": 0.5,
        "_weight": 15
      },
      "geometry": {
        "type": "LineString",
        "coordinates": [
          [
            139.674543,
            35.771773
          ],
          [
            139.674114,
            35.771695
          ],
          [
            139.674012,
            35.771621
          ],
          [
            139.673948,
            35.771364
          ],
          [
            139.67398,
            35.771195
          ],
          [
            139.674039,
            35.770859
          ],
          [
            139.674001,
            35.770629
          ],
          [
            139.673889,
            35.770328
          ],
          [
            139.673755,
            35.770137
          ],
          [
            139.67361,
            35.769928
          ],
          [
            139.673878,
            35.769514
          ]
        ]
      }
    },
    {
      "type": "Feature",
      "properties": {
        "_color": "#00ffff",
        "_opacity": 0.5,
        "_weight": 15
      },
      "geometry": {
        "type": "LineString",
        "coordinates": [
          [
            139.673996,
            35.771269
          ],
          [
            139.674355,
            35.771351
          ],
          [
            139.674624,
            35.771395
          ]
        ]
      }
    },
    {
      "type": "Feature",
      "properties": {
        "_color": "#00ffff",
        "_opacity": 0.5,
        "_weight": 15
      },
      "geometry": {
        "type": "LineString",
        "coordinates": [
          [
            139.674291,
            35.77163
          ],
          [
            139.674345,
            35.771421
          ],
          [
            139.674393,
            35.771051
          ]
        ]
      }
    },
    {
      "type": "Feature",
      "properties": {
        "_color": "#00ffff",
        "_opacity": 0.5,
        "_weight": 15
      },
      "geometry": {
        "type": "LineString",
        "coordinates": [
          [
            139.674683,
            35.771029
          ],
          [
            139.674398,
            35.770994
          ],
          [
            139.674211,
            35.770981
          ]
        ]
      }
    },
    {
      "type": "Feature",
      "properties": {
        "_color": "#00ffff",
        "_opacity": 0.5,
        "_weight": 15
      },
      "geometry": {
        "type": "LineString",
        "coordinates": [
          [
            139.674253,
            35.770777
          ],
          [
            139.674243,
            35.770912
          ]
        ]
      }
    },
    {
      "type": "Feature",
      "properties": {
        "_color": "#00ffff",
        "_opacity": 0.5,
        "_weight": 15
      },
      "geometry": {
        "type": "LineString",
        "coordinates": [
          [
            139.674076,
            35.770781
          ],
          [
            139.674414,
            35.770755
          ],
          [
            139.674795,
            35.770772
          ]
        ]
      }
    },
    {
      "type": "Feature",
      "properties": {
        "_color": "#660000",
        "_opacity": 0.5,
        "_weight": 15
      },
      "geometry": {
        "type": "LineString",
        "coordinates": [
          [
            139.674377,
            35.771147
          ],
          [
            139.674393,
            35.770986
          ]
        ]
      }
    },
    {
      "type": "Feature",
      "properties": {
        "_color": "#660000",
        "_opacity": 0.5,
        "_weight": 15
      },
      "geometry": {
        "type": "LineString",
        "coordinates": [
          [
            139.675112,
            35.77099
          ],
          [
            139.674801,
            35.770973
          ]
        ]
      }
    },
    {
      "type": "Feature",
      "properties": {
        "_color": "#660000",
        "_opacity": 0.5,
        "_weight": 15
      },
      "geometry": {
        "type": "LineString",
        "coordinates": [
          [
            139.675482,
            35.770698
          ],
          [
            139.675637,
            35.770703
          ]
        ]
      }
    },
    {
      "type": "Feature",
      "properties": {
        "_color": "#00ffff",
        "_opacity": 0.5,
        "_weight": 15
      },
      "geometry": {
        "type": "LineString",
        "coordinates": [
          [
            139.675911,
            35.770729
          ],
          [
            139.675686,
            35.770711
          ]
        ]
      }
    },
    {
      "type": "Feature",
      "properties": {
        "_color": "#0000ff",
        "_opacity": 0.5,
        "_weight": 10
      },
      "geometry": {
        "type": "LineString",
        "coordinates": [
          [
            139.675031,
            35.76995
          ],
          [
            139.674962,
            35.769854
          ]
        ]
      }
    },
    {
      "type": "Feature",
      "properties": {
        "_color": "#0000ff",
        "_opacity": 0.5,
        "_weight": 10
      },
      "geometry": {
        "type": "LineString",
        "coordinates": [
          [
            139.67516,
            35.769898
          ],
          [
            139.675026,
            35.769932
          ]
        ]
      }
    },
    {
      "type": "Feature",
      "properties": {
        "_color": "#0000ff",
        "_opacity": 0.5,
        "_weight": 10
      },
      "geometry": {
        "type": "LineString",
        "coordinates": [
          [
            139.675369,
            35.769902
          ],
          [
            139.675466,
            35.769889
          ]
        ]
      }
    },
    {
      "type": "Feature",
      "properties": {
        "_color": "#0000ff",
        "_opacity": 0.5,
        "_weight": 10
      },
      "geometry": {
        "type": "LineString",
        "coordinates": [
          [
            139.675423,
            35.76975
          ],
          [
            139.675466,
            35.769845
          ]
        ]
      }
    },
    {
      "type": "Feature",
      "properties": {
        "_color": "#0000ff",
        "_opacity": 0.5,
        "_weight": 15
      },
      "geometry": {
        "type": "LineString",
        "coordinates": [
          [
            139.675058,
            35.77005
          ],
          [
            139.675192,
            35.770032
          ]
        ]
      }
    },
    {
      "type": "Feature",
      "properties": {
        "_color": "#0000ff",
        "_opacity": 0.5,
        "_weight": 15
      },
      "geometry": {
        "type": "LineString",
        "coordinates": [
          [
            139.675203,
            35.770002
          ],
          [
            139.675203,
            35.769928
          ]
        ]
      }
    },
    {
      "type": "Feature",
      "properties": {
        "_color": "#00ffff",
        "_opacity": 0.5,
        "_weight": 15
      },
      "geometry": {
        "type": "LineString",
        "coordinates": [
          [
            139.675176,
            35.769501
          ],
          [
            139.675037,
            35.769893
          ],
          [
            139.675155,
            35.770011
          ]
        ]
      }
    },
    {
      "type": "Feature",
      "properties": {
        "_color": "#00ffff",
        "_opacity": 0.5,
        "_weight": 15
      },
      "geometry": {
        "type": "LineString",
        "coordinates": [
          [
            139.675106,
            35.76975
          ],
          [
            139.675428,
            35.769845
          ]
        ]
      }
    },
    {
      "type": "Feature",
      "properties": {
        "_color": "#00ffff",
        "_opacity": 0.5,
        "_weight": 15
      },
      "geometry": {
        "type": "LineString",
        "coordinates": [
          [
            139.674017,
            35.770633
          ],
          [
            139.674146,
            35.770576
          ],
          [
            139.674194,
            35.770485
          ]
        ]
      }
    },
    {
      "type": "Feature",
      "properties": {
        "_color": "#00ffff",
        "_opacity": 0.5,
        "_weight": 15
      },
      "geometry": {
        "type": "LineString",
        "coordinates": [
          [
            139.674103,
            35.770555
          ],
          [
            139.674098,
            35.770328
          ],
          [
            139.674549,
            35.770302
          ]
        ]
      }
    },
    {
      "type": "Feature",
      "properties": {
        "_color": "#00ffff",
        "_opacity": 0.5,
        "_weight": 15
      },
      "geometry": {
        "type": "LineString",
        "coordinates": [
          [
            139.674194,
            35.770498
          ],
          [
            139.674591,
            35.77045
          ]
        ]
      }
    },
    {
      "type": "Feature",
      "properties": {
        "_color": "#00ffff",
        "_opacity": 0.5,
        "_weight": 15
      },
      "geometry": {
        "type": "LineString",
        "coordinates": [
          [
            139.673894,
            35.771608
          ],
          [
            139.673738,
            35.772061
          ]
        ]
      }
    },
    {
      "type": "Feature",
      "properties": {
        "_color": "#00ffff",
        "_opacity": 0.5,
        "_weight": 15
      },
      "geometry": {
        "type": "LineString",
        "coordinates": [
          [
            139.673894,
            35.771578
          ],
          [
            139.673508,
            35.771565
          ],
          [
            139.673545,
            35.771438
          ]
        ]
      }
    },
    {
      "type": "Feature",
      "properties": {
        "_color": "#00ffff",
        "_opacity": 0.5,
        "_weight": 15
      },
      "geometry": {
        "type": "LineString",
        "coordinates": [
          [
            139.673942,
            35.77129
          ],
          [
            139.673642,
            35.771242
          ]
        ]
      }
    },
    {
      "type": "Feature",
      "properties": {
        "_color": "#660000",
        "_opacity": 0.5,
        "_weight": 15
      },
      "geometry": {
        "type": "LineString",
        "coordinates": [
          [
            139.673513,
            35.77146
          ],
          [
            139.673583,
            35.771338
          ]
        ]
      }
    },
    {
      "type": "Feature",
      "properties": {
        "_color": "#00ffff",
        "_opacity": 0.5,
        "_weight": 15
      },
      "geometry": {
        "type": "LineString",
        "coordinates": [
          [
            139.673476,
            35.77153
          ],
          [
            139.673272,
            35.771473
          ],
          [
            139.673363,
            35.771325
          ],
          [
            139.673502,
            35.771386
          ]
        ]
      }
    },
    {
      "type": "Feature",
      "properties": {
        "_color": "#00ffff",
        "_opacity": 0.5,
        "_weight": 15
      },
      "geometry": {
        "type": "LineString",
        "coordinates": [
          [
            139.673363,
            35.77129
          ],
          [
            139.673245,
            35.771247
          ]
        ]
      }
    },
    {
      "type": "Feature",
      "properties": {
        "_color": "#00ffff",
        "_opacity": 0.5,
        "_weight": 15
      },
      "geometry": {
        "type": "LineString",
        "coordinates": [
          [
            139.67258,
            35.771708
          ],
          [
            139.673004,
            35.771547
          ],
          [
            139.672934,
            35.771338
          ]
        ]
      }
    },
    {
      "type": "Feature",
      "properties": {
        "_color": "#660000",
        "_opacity": 0.5,
        "_weight": 15
      },
      "geometry": {
        "type": "LineString",
        "coordinates": [
          [
            139.673223,
            35.771443
          ],
          [
            139.672993,
            35.771369
          ]
        ]
      }
    },
    {
      "type": "Feature",
      "properties": {
        "_color": "#00ffff",
        "_opacity": 0.5,
        "_weight": 15
      },
      "geometry": {
        "type": "LineString",
        "coordinates": [
          [
            139.673454,
            35.771591
          ],
          [
            139.673315,
            35.771869
          ],
          [
            139.67317,
            35.772026
          ],
          [
            139.673256,
            35.772309
          ],
          [
            139.673057,
            35.772409
          ],
          [
            139.672853,
            35.772435
          ],
          [
            139.672585,
            35.772335
          ],
          [
            139.672467,
            35.7724
          ]
        ]
      }
    },
    {
      "type": "Feature",
      "properties": {
        "_color": "#00ffff",
        "_opacity": 0.5,
        "_weight": 15
      },
      "geometry": {
        "type": "LineString",
        "coordinates": [
          [
            139.673309,
            35.77237
          ],
          [
            139.673561,
            35.772496
          ],
          [
            139.673744,
            35.772613
          ],
          [
            139.673937,
            35.772626
          ],
          [
            139.674146,
            35.772792
          ],
          [
            139.674216,
            35.773036
          ],
          [
            139.674307,
            35.773179
          ],
          [
            139.674559,
            35.773401
          ],
          [
            139.674908,
            35.773802
          ],
          [
            139.675074,
            35.77391
          ],
          [
            139.675364,
            35.774128
          ],
          [
            139.675342,
            35.774459
          ],
          [
            139.675471,
            35.774594
          ],
          [
            139.675874,
            35.774798
          ],
          [
            139.676238,
            35.774898
          ],
          [
            139.676346,
            35.774929
          ],
          [
            139.676984,
            35.775412
          ],
          [
            139.677064,
            35.775512
          ]
        ]
      }
    },
    {
      "type": "Feature",
      "properties": {
        "_color": "#00ffff",
        "_opacity": 0.5,
        "_weight": 15
      },
      "geometry": {
        "type": "LineString",
        "coordinates": [
          [
            139.676399,
            35.775012
          ],
          [
            139.6759,
            35.775403
          ]
        ]
      }
    },
    {
      "type": "Feature",
      "properties": {
        "_color": "#00ffff",
        "_opacity": 0.5,
        "_weight": 15
      },
      "geometry": {
        "type": "LineString",
        "coordinates": [
          [
            139.676598,
            35.775986
          ],
          [
            139.676995,
            35.775704
          ]
        ]
      }
    },
    {
      "type": "Feature",
      "properties": {
        "_color": "#00ffff",
        "_opacity": 0.5,
        "_weight": 15
      },
      "geometry": {
        "type": "LineString",
        "coordinates": [
          [
            139.677553,
            35.77385
          ],
          [
            139.67714,
            35.773932
          ],
          [
            139.676523,
            35.77398
          ],
          [
            139.676201,
            35.773945
          ],
          [
            139.676072,
            35.774041
          ],
          [
            139.67604,
            35.774124
          ],
          [
            139.676211,
            35.774124
          ],
          [
            139.676367,
            35.774132
          ]
        ]
      }
    },
    {
      "type": "Feature",
      "properties": {
        "_color": "#00ffff",
        "_opacity": 0.5,
        "_weight": 15
      },
      "geometry": {
        "type": "LineString",
        "coordinates": [
          [
            139.676222,
            35.77391
          ],
          [
            139.675729,
            35.773462
          ],
          [
            139.675342,
            35.773702
          ],
          [
            139.674913,
            35.773175
          ],
          [
            139.674903,
            35.772931
          ],
          [
            139.675283,
            35.772609
          ]
        ]
      }
    },
    {
      "type": "Feature",
      "properties": {
        "_color": "#00ffff",
        "_opacity": 0.5,
        "_weight": 15
      },
      "geometry": {
        "type": "LineString",
        "coordinates": [
          [
            139.677606,
            35.773893
          ],
          [
            139.677477,
            35.774115
          ],
          [
            139.677472,
            35.774307
          ],
          [
            139.677526,
            35.774476
          ],
          [
            139.677719,
            35.774602
          ]
        ]
      }
    },
    {
      "type": "Feature",
      "properties": {
        "_color": "#00ffff",
        "_opacity": 0.5,
        "_weight": 15
      },
      "geometry": {
        "type": "LineString",
        "coordinates": [
          [
            139.677408,
            35.774337
          ],
          [
            139.676732,
            35.774415
          ],
          [
            139.676539,
            35.774293
          ]
        ]
      }
    },
    {
      "type": "Feature",
      "properties": {
        "_color": "#00ffff",
        "_opacity": 0.5,
        "_weight": 15
      },
      "geometry": {
        "type": "LineString",
        "coordinates": [
          [
            139.676297,
            35.774289
          ],
          [
            139.676496,
            35.774289
          ]
        ]
      }
    },
    {
      "type": "Feature",
      "properties": {
        "_color": "#660000",
        "_opacity": 0.5,
        "_weight": 15
      },
      "geometry": {
        "type": "LineString",
        "coordinates": [
          [
            139.674055,
            35.773623
          ],
          [
            139.674039,
            35.77348
          ],
          [
            139.673996,
            35.773266
          ],
          [
            139.673873,
            35.773197
          ],
          [
            139.673771,
            35.772953
          ],
          [
            139.673658,
            35.772766
          ],
          [
            139.673653,
            35.772605
          ]
        ]
      }
    },
    {
      "type": "Feature",
      "properties": {
        "_color": "#00ffff",
        "_opacity": 0.5,
        "_weight": 15
      },
      "geometry": {
        "type": "LineString",
        "coordinates": [
          [
            139.671974,
            35.771926
          ],
          [
            139.672151,
            35.771804
          ],
          [
            139.672333,
            35.771913
          ],
          [
            139.672489,
            35.771934
          ]
        ]
      }
    },
    {
      "type": "Feature",
      "properties": {
        "_color": "#00ffff",
        "_opacity": 0.5,
        "_weight": 15
      },
      "geometry": {
        "type": "LineString",
        "coordinates": [
          [
            139.672,
            35.771504
          ],
          [
            139.671829,
            35.771338
          ],
          [
            139.671405,
            35.770994
          ],
          [
            139.67126,
            35.770999
          ]
        ]
      }
    },
    {
      "type": "Feature",
      "properties": {
        "_color": "#00ffff",
        "_opacity": 0.5,
        "_weight": 15
      },
      "geometry": {
        "type": "LineString",
        "coordinates": [
          [
            139.671995,
            35.771551
          ],
          [
            139.672129,
            35.771756
          ]
        ]
      }
    },
    {
      "type": "Feature",
      "properties": {
        "_color": "#00ffff",
        "_opacity": 0.5,
        "_weight": 15
      },
      "geometry": {
        "type": "LineString",
        "coordinates": [
          [
            139.672553,
            35.771926
          ],
          [
            139.6731,
            35.772026
          ]
        ]
      }
    },
    {
      "type": "Feature",
      "properties": {
        "_color": "#00ffff",
        "_opacity": 0.5,
        "_weight": 15
      },
      "geometry": {
        "type": "LineString",
        "coordinates": [
          [
            139.672574,
            35.771887
          ],
          [
            139.672285,
            35.771747
          ],
          [
            139.672188,
            35.771538
          ],
          [
            139.672086,
            35.771312
          ],
          [
            139.672489,
            35.771007
          ]
        ]
      }
    },
    {
      "type": "Feature",
      "properties": {
        "_color": "#00ffff",
        "_opacity": 0.5,
        "_weight": 15
      },
      "geometry": {
        "type": "LineString",
        "coordinates": [
          [
            139.672424,
            35.770977
          ],
          [
            139.672306,
            35.770807
          ],
          [
            139.672623,
            35.770611
          ],
          [
            139.673084,
            35.770333
          ],
          [
            139.673615,
            35.769945
          ]
        ]
      }
    },
    {
      "type": "Feature",
      "properties": {
        "_color": "#ff9900",
        "_opacity": 0.5,
        "_weight": 15
      },
      "geometry": {
        "type": "LineString",
        "coordinates": [
          [
            139.673792,
            35.770172
          ],
          [
            139.672945,
            35.770798
          ]
        ]
      }
    },
    {
      "type": "Feature",
      "properties": {
        "_color": "#ff9900",
        "_opacity": 0.5,
        "_weight": 15
      },
      "geometry": {
        "type": "LineString",
        "coordinates": [
          [
            139.672907,
            35.77082
          ],
          [
            139.672505,
            35.770973
          ]
        ]
      }
    },
    {
      "type": "Feature",
      "properties": {
        "_color": "#ff9900",
        "_opacity": 0.5,
        "_weight": 15
      },
      "geometry": {
        "type": "LineString",
        "coordinates": [
          [
            139.672928,
            35.770886
          ],
          [
            139.672928,
            35.77126
          ],
          [
            139.672236,
            35.771508
          ]
        ]
      }
    },
    {
      "type": "Feature",
      "properties": {
        "_color": "#ff9900",
        "_opacity": 0.5,
        "_weight": 15
      },
      "geometry": {
        "type": "LineString",
        "coordinates": [
          [
            139.674001,
            35.770668
          ],
          [
            139.673331,
            35.771103
          ]
        ]
      }
    },
    {
      "type": "Feature",
      "properties": {
        "_color": "#ff9900",
        "_opacity": 0.5,
        "_weight": 15
      },
      "geometry": {
        "type": "LineString",
        "coordinates": [
          [
            139.676115,
            35.769867
          ],
          [
            139.675857,
            35.769863
          ],
          [
            139.6759,
            35.770198
          ]
        ]
      }
    },
    {
      "type": "Feature",
      "properties": {
        "_color": "#ff9900",
        "_opacity": 0.5,
        "_weight": 15
      },
      "geometry": {
        "type": "LineString",
        "coordinates": [
          [
            139.675798,
            35.769837
          ],
          [
            139.675621,
            35.769693
          ],
          [
            139.675165,
            35.769554
          ],
          [
            139.67494,
            35.769488
          ],
          [
            139.674323,
            35.769449
          ],
          [
            139.673846,
            35.769475
          ],
          [
            139.673535,
            35.769436
          ],
          [
            139.673315,
            35.769275
          ],
          [
            139.6731,
            35.76911
          ],
          [
            139.673095,
            35.768753
          ],
          [
            139.672623,
            35.768692
          ],
          [
            139.672601,
            35.768992
          ]
        ]
      }
    },
    {
      "type": "Feature",
      "properties": {
        "_color": "#ff9900",
        "_opacity": 0.5,
        "_weight": 15
      },
      "geometry": {
        "type": "LineString",
        "coordinates": [
          [
            139.673792,
            35.769436
          ],
          [
            139.673738,
            35.768822
          ],
          [
            139.673583,
            35.768648
          ],
          [
            139.673561,
            35.768544
          ],
          [
            139.673486,
            35.76837
          ],
          [
            139.673513,
            35.768313
          ],
          [
            139.673653,
            35.768287
          ],
          [
            139.673653,
            35.767852
          ]
        ]
      }
    },
    {
      "type": "Feature",
      "properties": {
        "_color": "#ff9900",
        "_opacity": 0.5,
        "_weight": 15
      },
      "geometry": {
        "type": "LineString",
        "coordinates": [
          [
            139.673454,
            35.76837
          ],
          [
            139.673154,
            35.76837
          ]
        ]
      }
    },
    {
      "type": "Feature",
      "properties": {
        "_color": "#ff9900",
        "_opacity": 0.5,
        "_weight": 15
      },
      "geometry": {
        "type": "LineString",
        "coordinates": [
          [
            139.673073,
            35.768709
          ],
          [
            139.673111,
            35.7684
          ],
          [
            139.673046,
            35.768196
          ],
          [
            139.672843,
            35.76776
          ]
        ]
      }
    },
    {
      "type": "Feature",
      "properties": {
        "_color": "#ff9900",
        "_opacity": 0.5,
        "_weight": 15
      },
      "geometry": {
        "type": "LineString",
        "coordinates": [
          [
            139.672993,
            35.768174
          ],
          [
            139.672741,
            35.76817
          ],
          [
            139.672735,
            35.76776
          ]
        ]
      }
    },
    {
      "type": "Feature",
      "properties": {
        "_color": "#ff9900",
        "_opacity": 0.5,
        "_weight": 15
      },
      "geometry": {
        "type": "LineString",
        "coordinates": [
          [
            139.672194,
            35.76803
          ],
          [
            139.67236,
            35.768217
          ],
          [
            139.672376,
            35.768365
          ],
          [
            139.672328,
            35.768457
          ]
        ]
      }
    },
    {
      "type": "Feature",
      "properties": {
        "_color": "#ff9900",
        "_opacity": 0.5,
        "_weight": 15
      },
      "geometry": {
        "type": "LineString",
        "coordinates": [
          [
            139.676233,
            35.768322
          ],
          [
            139.67508,
            35.768183
          ],
          [
            139.675004,
            35.767995
          ],
          [
            139.674211,
            35.767904
          ],
          [
            139.673545,
            35.767808
          ],
          [
            139.673261,
            35.767795
          ],
          [
            139.672837,
            35.767743
          ],
          [
            139.672494,
            35.767617
          ],
          [
            139.671941,
            35.76726
          ],
          [
            139.671566,
            35.767055
          ],
          [
            139.671212,
            35.766768
          ]
        ]
      }
    },
    {
      "type": "Feature",
      "properties": {
        "_color": "#ff9900",
        "_opacity": 0.5,
        "_weight": 15
      },
      "geometry": {
        "type": "LineString",
        "coordinates": [
          [
            139.672135,
            35.76743
          ],
          [
            139.67162,
            35.767486
          ],
          [
            139.671593,
            35.76736
          ],
          [
            139.671839,
            35.767234
          ]
        ]
      }
    },
    {
      "type": "Feature",
      "properties": {
        "_color": "#ff9900",
        "_opacity": 0.5,
        "_weight": 15
      },
      "geometry": {
        "type": "LineString",
        "coordinates": [
          [
            139.672462,
            35.767543
          ],
          [
            139.672869,
            35.766798
          ],
          [
            139.672762,
            35.766607
          ],
          [
            139.672762,
            35.766398
          ]
        ]
      }
    },
    {
      "type": "Feature",
      "properties": {
        "_color": "#ff9900",
        "_opacity": 0.5,
        "_weight": 15
      },
      "geometry": {
        "type": "LineString",
        "coordinates": [
          [
            139.672741,
            35.766659
          ],
          [
            139.672617,
            35.766677
          ],
          [
            139.672521,
            35.766446
          ]
        ]
      }
    },
    {
      "type": "Feature",
      "properties": {
        "_color": "#ff9900",
        "_opacity": 0.5,
        "_weight": 15
      },
      "geometry": {
        "type": "LineString",
        "coordinates": [
          [
            139.672896,
            35.766816
          ],
          [
            139.673438,
            35.766672
          ],
          [
            139.673846,
            35.766524
          ],
          [
            139.674259,
            35.766294
          ],
          [
            139.674575,
            35.766185
          ]
        ]
      }
    },
    {
      "type": "Feature",
      "properties": {
        "_color": "#ff9900",
        "_opacity": 0.5,
        "_weight": 15
      },
      "geometry": {
        "type": "LineString",
        "coordinates": [
          [
            139.674962,
            35.766146
          ],
          [
            139.675015,
            35.766476
          ],
          [
            139.67494,
            35.766838
          ],
          [
            139.674865,
            35.767064
          ],
          [
            139.674758,
            35.76719
          ],
          [
            139.674618,
            35.767269
          ],
          [
            139.674624,
            35.767573
          ],
          [
            139.674597,
            35.767913
          ]
        ]
      }
    },
    {
      "type": "Feature",
      "properties": {
        "_color": "#ff9900",
        "_opacity": 0.5,
        "_weight": 15
      },
      "geometry": {
        "type": "LineString",
        "coordinates": [
          [
            139.674135,
            35.767434
          ],
          [
            139.673738,
            35.767382
          ],
          [
            139.673374,
            35.767295
          ],
          [
            139.672939,
            35.767242
          ],
          [
            139.672703,
            35.76719
          ]
        ]
      }
    },
    {
      "type": "Feature",
      "properties": {
        "_color": "#ff9900",
        "_opacity": 0.5,
        "_weight": 15
      },
      "geometry": {
        "type": "LineString",
        "coordinates": [
          [
            139.672692,
            35.767643
          ],
          [
            139.67281,
            35.767242
          ]
        ]
      }
    },
    {
      "type": "Feature",
      "properties": {
        "_color": "#ff9900",
        "_opacity": 0.5,
        "_weight": 15
      },
      "geometry": {
        "type": "LineString",
        "coordinates": [
          [
            139.673132,
            35.767734
          ],
          [
            139.673266,
            35.76736
          ]
        ]
      }
    },
    {
      "type": "Feature",
      "properties": {
        "_color": "#ff9900",
        "_opacity": 0.5,
        "_weight": 15
      },
      "geometry": {
        "type": "LineString",
        "coordinates": [
          [
            139.673476,
            35.767343
          ],
          [
            139.67332,
            35.767739
          ]
        ]
      }
    },
    {
      "type": "Feature",
      "properties": {
        "_color": "#ff9900",
        "_opacity": 0.5,
        "_weight": 15
      },
      "geometry": {
        "type": "LineString",
        "coordinates": [
          [
            139.673025,
            35.76726
          ],
          [
            139.672918,
            35.767669
          ]
        ]
      }
    },
    {
      "type": "Feature",
      "properties": {
        "_color": "#ff9900",
        "_opacity": 0.5,
        "_weight": 15
      },
      "geometry": {
        "type": "LineString",
        "coordinates": [
          [
            139.673191,
            35.767247
          ],
          [
            139.673245,
            35.76699
          ],
          [
            139.673481,
            35.767012
          ],
          [
            139.673427,
            35.767264
          ]
        ]
      }
    },
    {
      "type": "Feature",
      "properties": {
        "_color": "#ff9900",
        "_opacity": 0.5,
        "_weight": 15
      },
      "geometry": {
        "type": "LineString",
        "coordinates": [
          [
            139.672741,
            35.766968
          ],
          [
            139.672328,
            35.766885
          ],
          [
            139.672081,
            35.766855
          ],
          [
            139.671861,
            35.766838
          ],
          [
            139.671662,
            35.767038
          ]
        ]
      }
    },
    {
      "type": "Feature",
      "properties": {
        "_color": "#ff9900",
        "_opacity": 0.5,
        "_weight": 15
      },
      "geometry": {
        "type": "LineString",
        "coordinates": [
          [
            139.671898,
            35.767208
          ],
          [
            139.672092,
            35.766903
          ]
        ]
      }
    },
    {
      "type": "Feature",
      "properties": {
        "_color": "#ff9900",
        "_opacity": 0.5,
        "_weight": 15
      },
      "geometry": {
        "type": "LineString",
        "coordinates": [
          [
            139.672333,
            35.76689
          ],
          [
            139.672145,
            35.767199
          ]
        ]
      }
    },
    {
      "type": "Feature",
      "properties": {
        "_color": "#ff9900",
        "_opacity": 0.5,
        "_weight": 15
      },
      "geometry": {
        "type": "LineString",
        "coordinates": [
          [
            139.67192,
            35.766807
          ],
          [
            139.671915,
            35.766485
          ]
        ]
      }
    },
    {
      "type": "Feature",
      "properties": {
        "_color": "#ff9900",
        "_opacity": 0.5,
        "_weight": 15
      },
      "geometry": {
        "type": "LineString",
        "coordinates": [
          [
            139.670933,
            35.766868
          ],
          [
            139.671137,
            35.767325
          ],
          [
            139.67118,
            35.767752
          ],
          [
            139.671169,
            35.768013
          ],
          [
            139.671126,
            35.768257
          ],
          [
            139.671126,
            35.768392
          ],
          [
            139.671169,
            35.768548
          ]
        ]
      }
    },
    {
      "type": "Feature",
      "properties": {
        "_color": "#ff9900",
        "_opacity": 0.5,
        "_weight": 15
      },
      "geometry": {
        "type": "LineString",
        "coordinates": [
          [
            139.670075,
            35.768818
          ],
          [
            139.670117,
            35.768257
          ],
          [
            139.670187,
            35.767921
          ],
          [
            139.670134,
            35.767591
          ],
          [
            139.670037,
            35.767029
          ]
        ]
      }
    },
    {
      "type": "Feature",
      "properties": {
        "_color": "#ff9900",
        "_opacity": 0.5,
        "_weight": 15
      },
      "geometry": {
        "type": "LineString",
        "coordinates": [
          [
            139.66853,
            35.769353
          ],
          [
            139.668707,
            35.769319
          ]
        ]
      }
    },
    {
      "type": "Feature",
      "properties": {
        "_color": "#00ff00",
        "_opacity": 0.5,
        "_weight": 15
      },
      "geometry": {
        "type": "LineString",
        "coordinates": [
          [
            139.668685,
            35.769332
          ],
          [
            139.669265,
            35.769127
          ],
          [
            139.66978,
            35.768944
          ],
          [
            139.670091,
            35.768827
          ],
          [
            139.670455,
            35.768853
          ],
          [
            139.670793,
            35.768923
          ],
          [
            139.671062,
            35.768936
          ],
          [
            139.671469,
            35.768966
          ],
          [
            139.671775,
            35.768966
          ],
          [
            139.671979,
            35.768936
          ],
          [
            139.672392,
            35.768992
          ],
          [
            139.673041,
            35.769075
          ]
        ]
      }
    },
    {
      "type": "Feature",
      "properties": {
        "_color": "#00ff00",
        "_opacity": 0.5,
        "_weight": 15
      },
      "geometry": {
        "type": "LineString",
        "coordinates": [
          [
            139.670531,
            35.768822
          ],
          [
            139.67096,
            35.768687
          ],
          [
            139.671469,
            35.768405
          ],
          [
            139.672135,
            35.76803
          ],
          [
            139.672376,
            35.767795
          ],
          [
            139.672494,
            35.767639
          ]
        ]
      }
    },
    {
      "type": "Feature",
      "properties": {
        "_color": "#00ff00",
        "_opacity": 0.5,
        "_weight": 15
      },
      "geometry": {
        "type": "LineString",
        "coordinates": [
          [
            139.675015,
            35.768156
          ],
          [
            139.674972,
            35.768452
          ],
          [
            139.674972,
            35.768914
          ],
          [
            139.675031,
            35.769158
          ],
          [
            139.675117,
            35.769484
          ]
        ]
      }
    },
    {
      "type": "Feature",
      "properties": {
        "_color": "#38761d",
        "_opacity": 0.5,
        "_weight": 10
      },
      "geometry": {
        "type": "LineString",
        "coordinates": [
          [
            139.674913,
            35.769336
          ],
          [
            139.675074,
            35.769427
          ],
          [
            139.675117,
            35.769436
          ]
        ]
      }
    },
    {
      "type": "Feature",
      "properties": {
        "_color": "#38761d",
        "_opacity": 0.5,
        "_weight": 10
      },
      "geometry": {
        "type": "LineString",
        "coordinates": [
          [
            139.675155,
            35.769401
          ],
          [
            139.67523,
            35.76931
          ]
        ]
      }
    },
    {
      "type": "Feature",
      "properties": {
        "_color": "#38761d",
        "_opacity": 0.5,
        "_weight": 10
      },
      "geometry": {
        "type": "LineString",
        "coordinates": [
          [
            139.674881,
            35.768452
          ],
          [
            139.674962,
            35.768566
          ]
        ]
      }
    },
    {
      "type": "Feature",
      "properties": {
        "_color": "#38761d",
        "_opacity": 0.5,
        "_weight": 10
      },
      "geometry": {
        "type": "LineString",
        "coordinates": [
          [
            139.67509,
            35.768483
          ],
          [
            139.675026,
            35.768548
          ]
        ]
      }
    },
    {
      "type": "Feature",
      "properties": {
        "_color": "#ffd966",
        "_opacity": 0.5,
        "_weight": 15
      },
      "geometry": {
        "type": "LineString",
        "coordinates": [
          [
            139.675621,
            35.768244
          ],
          [
            139.675643,
            35.768013
          ],
          [
            139.675364,
            35.767974
          ],
          [
            139.675235,
            35.767956
          ],
          [
            139.675278,
            35.767708
          ],
          [
            139.675278,
            35.76773
          ]
        ]
      }
    },
    {
      "type": "Feature",
      "properties": {
        "_color": "#660000",
        "_opacity": 0.5,
        "_weight": 15
      },
      "geometry": {
        "type": "LineString",
        "coordinates": [
          [
            139.674157,
            35.767434
          ],
          [
            139.67428,
            35.767456
          ],
          [
            139.674264,
            35.76756
          ]
        ]
      }
    },
    {
      "type": "Feature",
      "properties": {
        "_color": "#660000",
        "_opacity": 0.5,
        "_weight": 15
      },
      "geometry": {
        "type": "LineString",
        "coordinates": [
          [
            139.674329,
            35.767586
          ],
          [
            139.674575,
            35.767599
          ]
        ]
      }
    },
    {
      "type": "Feature",
      "properties": {
        "_color": "#660000",
        "_opacity": 0.5,
        "_weight": 15
      },
      "geometry": {
        "type": "LineString",
        "coordinates": [
          [
            139.674677,
            35.767639
          ],
          [
            139.674924,
            35.767673
          ]
        ]
      }
    },
    {
      "type": "Feature",
      "properties": {
        "_color": "#00ff00",
        "_opacity": 0.5,
        "_weight": 15
      },
      "geometry": {
        "type": "LineString",
        "coordinates": [
          [
            139.676319,
            35.767778
          ],
          [
            139.676056,
            35.76773
          ],
          [
            139.675283,
            35.767726
          ]
        ]
      }
    },
    {
      "type": "Feature",
      "properties": {
        "_color": "#00ff00",
        "_opacity": 0.5,
        "_weight": 15
      },
      "geometry": {
        "type": "LineString",
        "coordinates": [
          [
            139.675267,
            35.767717
          ],
          [
            139.675021,
            35.767682
          ]
        ]
      }
    },
    {
      "type": "Feature",
      "properties": {
        "_color": "#00ff00",
        "_opacity": 0.5,
        "_weight": 15
      },
      "geometry": {
        "type": "LineString",
        "coordinates": [
          [
            139.67604,
            35.767708
          ],
          [
            139.675868,
            35.76719
          ],
          [
            139.675734,
            35.766825
          ],
          [
            139.67567,
            35.76659
          ]
        ]
      }
    },
    {
      "type": "Feature",
      "properties": {
        "_color": "#00ff00",
        "_opacity": 0.5,
        "_weight": 15
      },
      "geometry": {
        "type": "LineString",
        "coordinates": [
          [
            139.675627,
            35.766524
          ],
          [
            139.675648,
            35.76595
          ]
        ]
      }
    },
    {
      "type": "Feature",
      "properties": {
        "_color": "#ff9900",
        "_opacity": 0.91,
        "_weight": 10
      },
      "geometry": {
        "type": "LineString",
        "coordinates": [
          [
            139.674495,
            35.76783
          ],
          [
            139.674581,
            35.767743
          ],
          [
            139.674709,
            35.767839
          ]
        ]
      }
    },
    {
      "type": "Feature",
      "properties": {
        "_color": "#ff9900",
        "_opacity": 0.91,
        "_weight": 10
      },
      "geometry": {
        "type": "LineString",
        "coordinates": [
          [
            139.67472,
            35.766977
          ],
          [
            139.674924,
            35.766925
          ]
        ]
      }
    },
    {
      "type": "Feature",
      "properties": {
        "_color": "#ff9900",
        "_opacity": 0.91,
        "_weight": 10
      },
      "geometry": {
        "type": "LineString",
        "coordinates": [
          [
            139.674876,
            35.766302
          ],
          [
            139.674967,
            35.766172
          ],
          [
            139.675085,
            35.766259
          ]
        ]
      }
    },
    {
      "type": "Feature",
      "properties": {
        "_color": "#ff9900",
        "_opacity": 0.89,
        "_weight": 10
      },
      "geometry": {
        "type": "LineString",
        "coordinates": [
          [
            139.674967,
            35.766946
          ],
          [
            139.674967,
            35.767047
          ]
        ]
      }
    },
    {
      "type": "Feature",
      "properties": {
        "_color": "#00ffff",
        "_opacity": 0.5,
        "_weight": 15
      },
      "geometry": {
        "type": "LineString",
        "coordinates": [
          [
            139.675723,
            35.773432
          ],
          [
            139.676233,
            35.773201
          ],
          [
            139.676335,
            35.773079
          ],
          [
            139.676179,
            35.772909
          ],
          [
            139.675696,
            35.773144
          ],
          [
            139.675595,
            35.772962
          ]
        ]
      }
    },
    {
      "type": "Feature",
      "properties": {
        "_color": "#00ffff",
        "_opacity": 0.5,
        "_weight": 15
      },
      "geometry": {
        "type": "LineString",
        "coordinates": [
          [
            139.675895,
            35.773001
          ],
          [
            139.675831,
            35.772909
          ]
        ]
      }
    },
    {
      "type": "Feature",
      "properties": {
        "_color": "#00ffff",
        "_opacity": 0.5,
        "_weight": 15
      },
      "geometry": {
        "type": "LineString",
        "coordinates": [
          [
            139.676088,
            35.772888
          ],
          [
            139.676002,
            35.772757
          ],
          [
            139.675922,
            35.772526
          ]
        ]
      }
    },
    {
      "type": "Feature",
      "properties": {
        "_color": "#00ffff",
        "_opacity": 0.5,
        "_weight": 15
      },
      "geometry": {
        "type": "LineString",
        "coordinates": [
          [
            139.675852,
            35.772444
          ],
          [
            139.675884,
            35.772156
          ],
          [
            139.675916,
            35.77183
          ],
          [
            139.676072,
            35.771547
          ]
        ]
      }
    },
    {
      "type": "Feature",
      "properties": {
        "_color": "#00ffff",
        "_opacity": 0.5,
        "_weight": 15
      },
      "geometry": {
        "type": "LineString",
        "coordinates": [
          [
            139.675841,
            35.772191
          ],
          [
            139.675509,
            35.772209
          ]
        ]
      }
    },
    {
      "type": "Feature",
      "properties": {
        "_color": "#00ffff",
        "_opacity": 0.5,
        "_weight": 15
      },
      "geometry": {
        "type": "LineString",
        "coordinates": [
          [
            139.670675,
            35.768923
          ],
          [
            139.670681,
            35.769249
          ],
          [
            139.670788,
            35.769332
          ],
          [
            139.671475,
            35.769419
          ],
          [
            139.671464,
            35.769623
          ],
          [
            139.671523,
            35.769702
          ],
          [
            139.671507,
            35.769919
          ],
          [
            139.671282,
            35.769928
          ]
        ]
      }
    },
    {
      "type": "Feature",
      "properties": {
        "_color": "#00ffff",
        "_opacity": 0.5,
        "_weight": 15
      },
      "geometry": {
        "type": "LineString",
        "coordinates": [
          [
            139.671823,
            35.769458
          ],
          [
            139.672215,
            35.769406
          ],
          [
            139.672397,
            35.769345
          ],
          [
            139.672376,
            35.769049
          ]
        ]
      }
    },
    {
      "type": "Feature",
      "properties": {
        "_color": "#00ffff",
        "_opacity": 0.5,
        "_weight": 15
      },
      "geometry": {
        "type": "LineString",
        "coordinates": [
          [
            139.672236,
            35.769449
          ],
          [
            139.672279,
            35.769571
          ]
        ]
      }
    },
    {
      "type": "Feature",
      "properties": {
        "_color": "#660000",
        "_opacity": 0.5,
        "_weight": 15
      },
      "geometry": {
        "type": "LineString",
        "coordinates": [
          [
            139.672086,
            35.769419
          ],
          [
            139.672097,
            35.769584
          ]
        ]
      }
    },
    {
      "type": "Feature",
      "properties": {
        "_color": "#660000",
        "_opacity": 0.5,
        "_weight": 15
      },
      "geometry": {
        "type": "LineString",
        "coordinates": [
          [
            139.671797,
            35.769158
          ],
          [
            139.671727,
            35.769223
          ],
          [
            139.671539,
            35.769232
          ],
          [
            139.671491,
            35.769371
          ]
        ]
      }
    },
    {
      "type": "Feature",
      "properties": {
        "_color": "#00ffff",
        "_opacity": 0.5,
        "_weight": 15
      },
      "geometry": {
        "type": "LineString",
        "coordinates": [
          [
            139.671775,
            35.769127
          ],
          [
            139.67178,
            35.76901
          ],
          [
            139.671818,
            35.769001
          ]
        ]
      }
    },
    {
      "type": "Feature",
      "properties": {
        "_color": "#660000",
        "_opacity": 0.5,
        "_weight": 15
      },
      "geometry": {
        "type": "LineString",
        "coordinates": [
          [
            139.670268,
            35.769649
          ],
          [
            139.670048,
            35.769057
          ]
        ]
      }
    },
    {
      "type": "Feature",
      "properties": {
        "_color": "#660000",
        "_opacity": 0.5,
        "_weight": 15
      },
      "geometry": {
        "type": "LineString",
        "coordinates": [
          [
            139.669785,
            35.768949
          ],
          [
            139.669994,
            35.769306
          ]
        ]
      }
    },
    {
      "type": "Feature",
      "properties": {
        "_color": "#00ffff",
        "_opacity": 0.5,
        "_weight": 15
      },
      "geometry": {
        "type": "LineString",
        "coordinates": [
          [
            139.670048,
            35.769044
          ],
          [
            139.67015,
            35.76897
          ],
          [
            139.670139,
            35.768866
          ]
        ]
      }
    },
    {
      "type": "Feature",
      "properties": {
        "_color": "#00ffff",
        "_opacity": 0.5,
        "_weight": 15
      },
      "geometry": {
        "type": "LineString",
        "coordinates": [
          [
            139.671405,
            35.770951
          ],
          [
            139.671448,
            35.770777
          ],
          [
            139.671566,
            35.770664
          ],
          [
            139.671904,
            35.770193
          ],
          [
            139.672086,
            35.770215
          ],
          [
            139.672333,
            35.770076
          ],
          [
            139.672633,
            35.769937
          ],
          [
            139.672821,
            35.769741
          ],
          [
            139.672971,
            35.769649
          ],
          [
            139.672977,
            35.769488
          ],
          [
            139.673084,
            35.769388
          ]
        ]
      }
    },
    {
      "type": "Feature",
      "properties": {
        "_color": "#00ffff",
        "_opacity": 0.5,
        "_weight": 15
      },
      "geometry": {
        "type": "LineString",
        "coordinates": [
          [
            139.67324,
            35.769258
          ],
          [
            139.673148,
            35.769353
          ],
          [
            139.673004,
            35.76931
          ]
        ]
      }
    },
    {
      "type": "Feature",
      "properties": {
        "_color": "#660000",
        "_opacity": 0.5,
        "_weight": 15
      },
      "geometry": {
        "type": "LineString",
        "coordinates": [
          [
            139.672971,
            35.76934
          ],
          [
            139.672687,
            35.769458
          ],
          [
            139.67251,
            35.769619
          ],
          [
            139.672451,
            35.769667
          ],
          [
            139.672204,
            35.769732
          ],
          [
            139.671974,
            35.76975
          ],
          [
            139.671818,
            35.769754
          ]
        ]
      }
    },
    {
      "type": "Feature",
      "properties": {
        "_color": "#660000",
        "_opacity": 0.5,
        "_weight": 15
      },
      "geometry": {
        "type": "LineString",
        "coordinates": [
          [
            139.672456,
            35.769702
          ],
          [
            139.672269,
            35.769841
          ],
          [
            139.671872,
            35.770037
          ],
          [
            139.671915,
            35.770163
          ]
        ]
      }
    },
    {
      "type": "Feature",
      "properties": {
        "_color": "#660000",
        "_opacity": 0.5,
        "_weight": 15
      },
      "geometry": {
        "type": "LineString",
        "coordinates": [
          [
            139.671829,
            35.770063
          ],
          [
            139.671528,
            35.77035
          ],
          [
            139.67141,
            35.770516
          ]
        ]
      }
    },
    {
      "type": "Feature",
      "properties": {
        "_color": "#660000",
        "_opacity": 0.5,
        "_weight": 15
      },
      "geometry": {
        "type": "LineString",
        "coordinates": [
          [
            139.671153,
            35.770363
          ],
          [
            139.67126,
            35.770215
          ],
          [
            139.671292,
            35.769971
          ]
        ]
      }
    },
    {
      "type": "Feature",
      "properties": {
        "_color": "#660000",
        "_opacity": 0.5,
        "_weight": 15
      },
      "geometry": {
        "type": "LineString",
        "coordinates": [
          [
            139.67111,
            35.770328
          ],
          [
            139.671008,
            35.770063
          ],
          [
            139.670724,
            35.769898
          ],
          [
            139.670847,
            35.769741
          ],
          [
            139.670852,
            35.769362
          ]
        ]
      }
    },
    {
      "type": "Feature",
      "properties": {
        "_color": "#660000",
        "_opacity": 0.5,
        "_weight": 15
      },
      "geometry": {
        "type": "LineString",
        "coordinates": [
          [
            139.670702,
            35.769915
          ],
          [
            139.670531,
            35.770028
          ],
          [
            139.670659,
            35.770093
          ],
          [
            139.670638,
            35.770154
          ],
          [
            139.670327,
            35.770294
          ],
          [
            139.670182,
            35.770207
          ],
          [
            139.669753,
            35.769689
          ]
        ]
      }
    },
    {
      "type": "Feature",
      "properties": {
        "_color": "#660000",
        "_opacity": 0.5,
        "_weight": 15
      },
      "geometry": {
        "type": "LineString",
        "coordinates": [
          [
            139.671239,
            35.770946
          ],
          [
            139.67118,
            35.770886
          ],
          [
            139.670933,
            35.771034
          ]
        ]
      }
    },
    {
      "type": "Feature",
      "properties": {
        "_color": "#00ffff",
        "_opacity": 0.5,
        "_weight": 15
      },
      "geometry": {
        "type": "LineString",
        "coordinates": [
          [
            139.671507,
            35.770659
          ],
          [
            139.671147,
            35.770402
          ]
        ]
      }
    },
    {
      "type": "Feature",
      "properties": {
        "_color": "#00ffff",
        "_opacity": 0.5,
        "_weight": 15
      },
      "geometry": {
        "type": "LineString",
        "coordinates": [
          [
            139.669704,
            35.769649
          ],
          [
            139.669527,
            35.76968
          ],
          [
            139.669517,
            35.769445
          ],
          [
            139.669324,
            35.769188
          ]
        ]
      }
    },
    {
      "type": "Feature",
      "properties": {
        "_color": "#00ffff",
        "_opacity": 0.5,
        "_weight": 15
      },
      "geometry": {
        "type": "LineString",
        "coordinates": [
          [
            139.669195,
            35.769205
          ],
          [
            139.669227,
            35.769358
          ]
        ]
      }
    },
    {
      "type": "Feature",
      "properties": {
        "_color": "#00ffff",
        "_opacity": 0.5,
        "_weight": 15
      },
      "geometry": {
        "type": "LineString",
        "coordinates": [
          [
            139.669195,
            35.770833
          ],
          [
            139.669688,
            35.770524
          ],
          [
            139.669855,
            35.770603
          ],
          [
            139.669962,
            35.770777
          ],
          [
            139.669962,
            35.770872
          ]
        ]
      }
    },
    {
      "type": "Feature",
      "properties": {
        "_color": "#00ffff",
        "_opacity": 0.5,
        "_weight": 15
      },
      "geometry": {
        "type": "LineString",
        "coordinates": [
          [
            139.66979,
            35.77052
          ],
          [
            139.670101,
            35.770546
          ],
          [
            139.670332,
            35.770642
          ],
          [
            139.670423,
            35.770877
          ]
        ]
      }
    },
    {
      "type": "Feature",
      "properties": {
        "_color": "#00ffff",
        "_opacity": 0.5,
        "_weight": 15
      },
      "geometry": {
        "type": "LineString",
        "coordinates": [
          [
            139.66979,
            35.770481
          ],
          [
            139.669892,
            35.770215
          ]
        ]
      }
    },
    {
      "type": "Feature",
      "properties": {
        "_color": "#660000",
        "_opacity": 0.5,
        "_weight": 15
      },
      "geometry": {
        "type": "LineString",
        "coordinates": [
          [
            139.669898,
            35.770159
          ],
          [
            139.669978,
            35.770059
          ]
        ]
      }
    },
    {
      "type": "Feature",
      "properties": {
        "_color": "#660000",
        "_opacity": 0.5,
        "_weight": 15
      },
      "geometry": {
        "type": "LineString",
        "coordinates": [
          [
            139.669769,
            35.770407
          ],
          [
            139.669484,
            35.77032
          ],
          [
            139.669409,
            35.77005
          ],
          [
            139.669291,
            35.76985
          ],
          [
            139.669082,
            35.769641
          ],
          [
            139.668996,
            35.769519
          ],
          [
            139.668567,
            35.769562
          ]
        ]
      }
    },
    {
      "type": "Feature",
      "properties": {
        "_color": "#660000",
        "_opacity": 0.5,
        "_weight": 15
      },
      "geometry": {
        "type": "LineString",
        "coordinates": [
          [
            139.669881,
            35.771464
          ],
          [
            139.670021,
            35.771316
          ]
        ]
      }
    },
    {
      "type": "Feature",
      "properties": {
        "_color": "#00ffff",
        "_opacity": 0.5,
        "_weight": 15
      },
      "geometry": {
        "type": "LineString",
        "coordinates": [
          [
            139.670681,
            35.77156
          ],
          [
            139.670547,
            35.77146
          ]
        ]
      }
    },
    {
      "type": "Feature",
      "properties": {
        "_color": "#00ffff",
        "_opacity": 0.5,
        "_weight": 15
      },
      "geometry": {
        "type": "LineString",
        "coordinates": [
          [
            139.670075,
            35.771312
          ],
          [
            139.670375,
            35.771325
          ],
          [
            139.670439,
            35.771451
          ],
          [
            139.670541,
            35.771447
          ]
        ]
      }
    },
    {
      "type": "Feature",
      "properties": {
        "_color": "#660000",
        "_opacity": 0.5,
        "_weight": 15
      },
      "geometry": {
        "type": "LineString",
        "coordinates": [
          [
            139.670488,
            35.771399
          ],
          [
            139.67067,
            35.771364
          ]
        ]
      }
    },
    {
      "type": "Feature",
      "properties": {
        "_color": "#00ffff",
        "_opacity": 0.5,
        "_weight": 15
      },
      "geometry": {
        "type": "LineString",
        "coordinates": [
          [
            139.670391,
            35.771277
          ],
          [
            139.670391,
            35.771177
          ],
          [
            139.670702,
            35.771138
          ],
          [
            139.670777,
            35.771086
          ],
          [
            139.670863,
            35.771042
          ],
          [
            139.670788,
            35.770929
          ],
          [
            139.670788,
            35.770838
          ]
        ]
      }
    },
    {
      "type": "Feature",
      "properties": {
        "_color": "#00ffff",
        "_opacity": 0.5,
        "_weight": 15
      },
      "geometry": {
        "type": "LineString",
        "coordinates": [
          [
            139.670702,
            35.771582
          ],
          [
            139.670649,
            35.771582
          ]
        ]
      }
    },
    {
      "type": "Feature",
      "properties": {
        "_color": "#00ffff",
        "_opacity": 0.5,
        "_weight": 15
      },
      "geometry": {
        "type": "LineString",
        "coordinates": [
          [
            139.670745,
            35.771343
          ],
          [
            139.670987,
            35.77126
          ],
          [
            139.67096,
            35.771155
          ],
          [
            139.670869,
            35.771147
          ]
        ]
      }
    },
    {
      "type": "Feature",
      "properties": {
        "_color": "#0000ff",
        "_opacity": 0.5,
        "_weight": 10
      },
      "geometry": {
        "type": "LineString",
        "coordinates": [
          [
            139.669919,
            35.771752
          ],
          [
            139.67023,
            35.771756
          ]
        ]
      }
    },
    {
      "type": "Feature",
      "properties": {
        "_color": "#0000ff",
        "_opacity": 0.5,
        "_weight": 10
      },
      "geometry": {
        "type": "LineString",
        "coordinates": [
          [
            139.670225,
            35.771712
          ],
          [
            139.670225,
            35.771551
          ],
          [
            139.670225,
            35.771508
          ]
        ]
      }
    },
    {
      "type": "Feature",
      "properties": {
        "_color": "#0000ff",
        "_opacity": 0.5,
        "_weight": 10
      },
      "geometry": {
        "type": "LineString",
        "coordinates": [
          [
            139.669136,
            35.771003
          ],
          [
            139.669307,
            35.771038
          ],
          [
            139.669345,
            35.771003
          ],
          [
            139.669366,
            35.770877
          ]
        ]
      }
    },
    {
      "type": "Feature",
      "properties": {
        "_color": "#00ff00",
        "_opacity": 0.5,
        "_weight": 15
      },
      "geometry": {
        "type": "LineString",
        "coordinates": [
          [
            139.668487,
            35.76995
          ],
          [
            139.667349,
            35.769985
          ]
        ]
      }
    },
    {
      "type": "Feature",
      "properties": {
        "_color": "#00ff00",
        "_opacity": 0.5,
        "_weight": 15
      },
      "geometry": {
        "type": "LineString",
        "coordinates": [
          [
            139.667419,
            35.769127
          ],
          [
            139.668514,
            35.769223
          ]
        ]
      }
    },
    {
      "type": "Feature",
      "properties": {
        "_color": "#0000ff",
        "_opacity": 0.5,
        "_weight": 10
      },
      "geometry": {
        "type": "LineString",
        "coordinates": [
          [
            139.677252,
            35.767573
          ],
          [
            139.677161,
            35.76743
          ]
        ]
      }
    },
    {
      "type": "Feature",
      "properties": {
        "_color": "#0000ff",
        "_opacity": 0.5,
        "_weight": 10
      },
      "geometry": {
        "type": "LineString",
        "coordinates": [
          [
            139.677386,
            35.767386
          ],
          [
            139.677188,
            35.76743
          ]
        ]
      }
    },
    {
      "type": "Feature",
      "properties": {
        "_color": "#0000ff",
        "_opacity": 0.5,
        "_weight": 10
      },
      "geometry": {
        "type": "LineString",
        "coordinates": [
          [
            139.679065,
            35.768635
          ],
          [
            139.67898,
            35.768526
          ]
        ]
      }
    },
    {
      "type": "Feature",
      "properties": {
        "_color": "#0000ff",
        "_opacity": 0.5,
        "_weight": 10
      },
      "geometry": {
        "type": "LineString",
        "coordinates": [
          [
            139.678996,
            35.768509
          ],
          [
            139.679199,
            35.768509
          ]
        ]
      }
    },
    {
      "type": "Feature",
      "properties": {
        "_color": "#00ffff",
        "_opacity": 0.5,
        "_weight": 15
      },
      "geometry": {
        "type": "LineString",
        "coordinates": [
          [
            139.676072,
            35.771312
          ],
          [
            139.676281,
            35.771181
          ]
        ]
      }
    },
    {
      "type": "Feature",
      "properties": {
        "_color": "#660000",
        "_opacity": 0.5,
        "_weight": 15
      },
      "geometry": {
        "type": "LineString",
        "coordinates": [
          [
            139.676319,
            35.771138
          ],
          [
            139.676598,
            35.770894
          ]
        ]
      }
    },
    {
      "type": "Feature",
      "properties": {
        "_color": "#00ffff",
        "_opacity": 0.5,
        "_weight": 15
      },
      "geometry": {
        "type": "LineString",
        "coordinates": [
          [
            139.676539,
            35.770886
          ],
          [
            139.67649,
            35.770829
          ],
          [
            139.676678,
            35.770733
          ]
        ]
      }
    },
    {
      "type": "Feature",
      "properties": {
        "_color": "#00ffff",
        "_opacity": 0.5,
        "_weight": 15
      },
      "geometry": {
        "type": "LineString",
        "coordinates": [
          [
            139.676694,
            35.770707
          ],
          [
            139.676952,
            35.77052
          ],
          [
            139.676909,
            35.770546
          ]
        ]
      }
    },
    {
      "type": "Feature",
      "properties": {
        "_color": "#00ffff",
        "_opacity": 0.5,
        "_weight": 15
      },
      "geometry": {
        "type": "LineString",
        "coordinates": [
          [
            139.677043,
            35.770785
          ],
          [
            139.676678,
            35.771255
          ],
          [
            139.676716,
            35.771242
          ]
        ]
      }
    },
    {
      "type": "Feature",
      "properties": {
        "_color": "#00ffff",
        "_opacity": 0.5,
        "_weight": 15
      },
      "geometry": {
        "type": "LineString",
        "coordinates": [
          [
            139.676855,
            35.771073
          ],
          [
            139.676962,
            35.771112
          ],
          [
            139.676785,
            35.771334
          ]
        ]
      }
    },
    {
      "type": "Feature",
      "properties": {
        "_color": "#660000",
        "_opacity": 0.5,
        "_weight": 15
      },
      "geometry": {
        "type": "LineString",
        "coordinates": [
          [
            139.67641,
            35.771029
          ],
          [
            139.676539,
            35.771208
          ]
        ]
      }
    },
    {
      "type": "Feature",
      "properties": {
        "_color": "#660000",
        "_opacity": 0.5,
        "_weight": 15
      },
      "geometry": {
        "type": "LineString",
        "coordinates": [
          [
            139.676592,
            35.771238
          ],
          [
            139.676764,
            35.771343
          ]
        ]
      }
    },
    {
      "type": "Feature",
      "properties": {
        "_color": "#00ffff",
        "_opacity": 0.5,
        "_weight": 15
      },
      "geometry": {
        "type": "LineString",
        "coordinates": [
          [
            139.67737,
            35.770846
          ],
          [
            139.677097,
            35.770685
          ]
        ]
      }
    }
  ]
}